name,address,phone,website,rating,total_ratings,business_status,search_city,search_county
All Paths Acu Care,"407 Albany Shaker Rd, Albany, NY 12211, USA",(518) 218-6927,http://tinyurl.com/allpathsacu,5,1,OPERATIONAL,Albany,Albany
"Daniel F. Zal, Lac","23 Computer Dr E # 4, Albany, NY 12205, USA",(518) 438-6202,http://www.acupunctureofalbany.com/,4.6,10,OPERATIONAL,Albany,Albany
Eastgate Acupuncture,"3 Computer Dr W suit 102, Albany, NY 12205, USA",(518) 828-0205,http://www.eastgateacupuncture.com/,5,10,OPERATIONAL,Albany,Albany
Gina Mauro L.Ac. LMT Myofascial Acupuncture,"6 Executive Park Dr entrance D, Albany, NY 12203, USA",(518) 218-6927,https://ginamauro.com/,5,6,OPERATIONAL,Albany,Albany
Life Cycles Integrative Health,"839 Loudon Rd Suite 1, Latham, NY 12110, USA",(518) 504-6600,http://lifecyclesclinic.com/,5,10,OPERATIONAL,Albany,Albany
Wei Wei Acupuncture PC,"35 Fuller Rd # 1, Albany, NY 12205, USA",(518) 438-0841,,4.4,18,OPERATIONAL,Albany,Albany
"Christopher R. Reilly, L.Ac.","21 Everett Rd Ext # 4, Albany, NY 12205, USA",(518) 928-4957,http://www.silvermoon-acupuncture.com/,5,14,OPERATIONAL,Coeymans,Albany
Elevate Albany Wellness,"407 Albany Shaker Rd, Loudonville, NY 12211, USA",(518) 435-1280,http://www.elevatealbanywellness.com/,4.9,57,OPERATIONAL,Coeymans,Albany
Rice Acupuncture & Chinese Medicine,"90 Adams Pl, Delmar, NY 12054, USA",(518) 689-2244,http://riceacupuncture.com/,5,1,OPERATIONAL,Coeymans,Albany
Upstate Community Acupuncture,"17 Johnson Rd, Latham, NY 12110, USA",(518) 810-7053,http://www.stuckupstate.com/,5,29,OPERATIONAL,Coeymans,Albany
"Wellness Roots Acupuncture & Massage Therapy, PLLC","2280 Western Ave Building # 2, Guilderland, NY 12084, USA",(518) 389-6167,http://www.wellnessrootsacupuncture.com/,4.8,15,OPERATIONAL,Coeymans,Albany
Acupuncture Office LLC,"15 Century Hill Dr, Latham, NY 12110, USA",(518) 785-8999,http://www.theacupunctureoffice.net/,5,4,OPERATIONAL,Ravena,Albany
"Bower Family Acupuncture, PLLC","81 Miller Rd #600, Castleton-On-Hudson, NY 12033, USA",(518) 336-6482,http://www.boweracu.com/,5,5,OPERATIONAL,Ravena,Albany
Vibe Acupuncture,"560 Delaware Ave, Albany, NY 12209, USA",(518) 227-1669,http://www.vibeacu.com/,5,5,OPERATIONAL,Ravena,Albany
Five Element Acupuncture with Margaret Hallisey,"7 Maple Ave, Philmont, NY 12565, USA",(212) 380-8469,http://www.margarethalliseyacupuncture.com/,5,4,OPERATIONAL,Hudson,Columbia
"Marcus DeGrazia, LAC","808 Warren St, Hudson, NY 12534, USA",,http://marcusdegrazia.com/,,,OPERATIONAL,Hudson,Columbia
Sally Rappeport Acupuncture,"Summit Exd, Philmont, NY 12565, USA",(917) 208-4730,https://sallyrappeport.com/,5,2,OPERATIONAL,Stockport,Columbia
Acupuncture Health Care Center,"23 Computer Dr E, Albany, NY 12205, USA",(518) 894-3652,http://www.acupunctureofchinesemedicine.com/,5,8,OPERATIONAL,Stuyvesant,Columbia
Anant Acupuncture,"5316 NY-23, Windham, NY 12496, USA",(631) 599-1111,https://anantacupuncture.com/,5,8,OPERATIONAL,Stuyvesant,Columbia
BeAti Acupuncture Wellness Clinic,"146 State St, Albany, NY 12207, USA",(518) 859-4648,http://beatiacupuncture.com/,5,25,OPERATIONAL,Stuyvesant,Columbia
Kinderhook Healing Arts,"2 Sherman Potts Dr, Ghent, NY 12075, USA",(518) 758-7711,,3.7,3,OPERATIONAL,Stuyvesant,Columbia
Silver Moon Acupuncture,"21 Everett Rd Ext Suite A-4, Albany, NY 12205, USA",(518) 928-4957,http://www.silvermoon-acupuncture.com/,5,8,OPERATIONAL,Stuyvesant,Columbia
Tri City Healing,"69 State St, Albany, NY 12207, USA",(518) 640-7722,http://tricityhealing.com/,5,37,OPERATIONAL,Stuyvesant,Columbia
Acupuncture Massage Therapy,"831 NY-52, Fishkill, NY 12524, USA",(845) 765-8060,http://www.hudsonvalleyfaceandbody.com/,4.4,25,OPERATIONAL,Beacon,Dutchess
"Anthony Wong Wellness - Acupuncture & Fitness in Beacon, NY","7 Creek Dr, Beacon, NY 12508, USA",(845) 859-0739,https://www.anthonywongwellness.com/,5,7,OPERATIONAL,Beacon,Dutchess
"Dancing Crane Acupuncture, PC","621 NY-52 #1B, Beacon, NY 12508, USA",(845) 656-0694,http://dancingcrane.net/,5,1,OPERATIONAL,Beacon,Dutchess
"Elisa Hirsch-Cotter, M.S., L.Ac.","1181 North Ave, Beacon, NY 12508, USA",(845) 926-6909,http://www.elisahirschcotter.com/,5,9,OPERATIONAL,Beacon,Dutchess
"Masha Schmidt, L.Ac","544 Main St Apartment 2, Beacon, NY 12508, USA",(845) 288-1861,http://www.daydreamclinic.com/,5,1,OPERATIONAL,Beacon,Dutchess
"Sacred Space Healing Arts, Nature Wellness & Movement","436 Main St, Beacon, NY 12508, USA",(845) 742-8494,http://www.seeksacredspace.com/,4.8,10,OPERATIONAL,Beacon,Dutchess
Solarena Acupuncture,"616 NY-52, Beacon, NY 12508, USA",(787) 484-6754,https://doctormillan.com/,5,18,OPERATIONAL,Beacon,Dutchess
Uncharted Currents Acupuncture,"33 Henry St, Beacon, NY 12508, USA",(646) 392-6378,https://www.unchartedcurrents.com/,5,41,OPERATIONAL,Beacon,Dutchess
Valley Spirit Acupuncture & Internal Arts,"36 Mason Cir, Beacon, NY 12508, USA",(845) 202-7316,http://www.valleyspiritbeacon.com/,5,9,OPERATIONAL,Beacon,Dutchess
Ying Acupuncture Center,"1207 US-9 #7A, Wappingers Falls, NY 12590, USA",(845) 297-2266,http://yingacupuncture.com/,4.3,18,OPERATIONAL,Beacon,Dutchess
Yaad Wellness and Acupuncture,"344 Main St, Catskill, NY 12414, USA",(518) 291-8856,http://www.yaadwellness.com/,4.7,25,OPERATIONAL,Fishkill,Dutchess
A Plus Health Care Massage & Acupuncture Therapy,"1300 Union Tpke #103A, North New Hyde Park, NY 11040, USA",(917) 868-1794,https://aplusacupuncturemassage.onbuildhealth.com/,5,110,OPERATIONAL,Hyde Park,Dutchess
Green Tree Acupuncture PC,"1521 Jericho Tpke, New Hyde Park, NY 11040, USA",(516) 965-8211,,5,7,OPERATIONAL,Hyde Park,Dutchess
Nanum Acupuncture,"516 Lakeville Rd, New Hyde Park, NY 11040, USA",(516) 775-0778,http://www.nanumacu.com/,5,1,OPERATIONAL,Hyde Park,Dutchess
Qingxia Ren Acupuncture P.C.,"2035 Lakeville Rd #207, New Hyde Park, NY 11040, USA",(646) 361-6768,https://kellyrenacu2035.com/,5,1,OPERATIONAL,Hyde Park,Dutchess
Scar Tissue Acupuncture,"1976 Lakeville Rd, North New Hyde Park, NY 11040, USA",(212) 397-8988,http://www.drbaoku.com/,5,7,OPERATIONAL,Hyde Park,Dutchess
Shenshen Acupuncture,"2500 Marcus Ave Ste 109, New Hyde Park, NY 11042, USA",(917) 306-1339,,5,12,OPERATIONAL,Hyde Park,Dutchess
Unsook Park’s Acupuncture,"2001 Marcus Ave, New Hyde Park, NY 11042, USA",,,3.7,3,OPERATIONAL,Hyde Park,Dutchess
Zen-Ohs Acupuncture & Wellness,"1300 Union Tpke Suite 308, New Hyde Park, NY 11040, USA",(516) 557-6112,https://billysingh.com/,5,10,OPERATIONAL,Hyde Park,Dutchess
8 Energies Healing,"25 Husky Hill Rd, Poughkeepsie, NY 12601, USA",(845) 661-3698,https://8energieshealing.com/price-and-locations,,,OPERATIONAL,Poughkeepsie,Dutchess
Holistic Healing & Nutrition,"695 Dutchess Turnpike suite 206-f, Poughkeepsie, NY 12603, USA",(845) 471-6400,http://www.hhan-ny.com/,4.5,23,OPERATIONAL,Poughkeepsie,Dutchess
"Patricia Holtz, L.Ac.","Enter at double glass doors of the West Lobby, 3 Neptune Rd Suite S 500, Poughkeepsie, NY 12601, USA",(845) 233-8683,http://patriciaholtz.com/,5,14,OPERATIONAL,Poughkeepsie,Dutchess
Pellegrino Healing Center,"4307 Albany Post Rd, Hyde Park, NY 12538, USA",(845) 233-5672,http://pellegrinohealingcenter.com/,5,291,OPERATIONAL,Poughkeepsie,Dutchess
Poughkeepsie Integrative Health,"7-9 Mansion St, Poughkeepsie, NY 12601, USA",(845) 418-3640,https://poughkeepsieintegrativehealth.com/,5,12,OPERATIONAL,Poughkeepsie,Dutchess
Wellness and Skincare Medical Spa,"74 W Cedar St, Poughkeepsie, NY 12601, USA",(845) 790-2254,http://www.wellnessandskincareusa.com/,4.4,34,OPERATIONAL,Poughkeepsie,Dutchess
Bock Integrative Medicine,"50 Old Farm Rd, Red Hook, NY 12571, USA",(845) 758-0001,https://www.bockintegrative.com/,3.8,11,OPERATIONAL,Red Hook,Dutchess
"Acupuncture Pain Care - Peter Dubitsky, L.Ac.","47 W Market St, Rhinebeck, NY 12572, USA",(845) 417-8429,http://www.rhinebeck-acupuncture.com/,5,5,OPERATIONAL,Rhinebeck,Dutchess
Alexis Sarandon Wellness,"17 Glen Pond Dr, Red Hook, NY 12571, USA",(617) 833-3231,https://alexissarandonwellness.com/,5,13,OPERATIONAL,Rhinebeck,Dutchess
"Anna Filkin, LAc. Balance Point Studio","218 Plaza Rd, Kingston, NY 12401, USA",(917) 696-4436,https://www.balancepointstudio.com/,5,7,OPERATIONAL,Rhinebeck,Dutchess
"Anne Ballantine, L.Ac","6369 Mill St #101, Rhinebeck, NY 12572, USA",(845) 518-2059,http://rhinebeckacupuncture.com/,,,OPERATIONAL,Rhinebeck,Dutchess
Chinese Healing Arts Center,"266 Smith Ave, Kingston, NY 12401, USA",(845) 338-6045,http://qihealer.com/,3,2,OPERATIONAL,Rhinebeck,Dutchess
Crane Acupuncture & Holistic Medicine,"785 Broadway Ste 3, Kingston, NY 12401, USA",(845) 249-6350,https://www.craneholisticmedicine.com/,4.9,40,OPERATIONAL,Rhinebeck,Dutchess
Inner Waters Acupuncture & Herbs,"360 Broadway, Kingston, NY 12401, USA",(845) 745-8006,http://innerwaters.com/,5,17,OPERATIONAL,Rhinebeck,Dutchess
Kingston Acupuncture & Wellness,"16 Lucas Ave #101, Kingston, NY 12401, USA",(845) 339-5653,http://www.kingstonacupuncture.com/,5,28,OPERATIONAL,Rhinebeck,Dutchess
Mallory Markman Acupuncture,"104 Wurts St 2nd Floor, Kingston, NY 12401, USA",(917) 544-1759,http://www.mmacupuncture.com/,5,14,OPERATIONAL,Rhinebeck,Dutchess
Rhinebeck Acupuncture & Bodywork,"6384 Mill St #1, Rhinebeck, NY 12572, USA",(845) 943-7644,https://www.rhinebeckacupuncture.net/,5,26,OPERATIONAL,Rhinebeck,Dutchess
Rhinebeck-Acupuncture.com,"47 W Market St #4, Rhinebeck, NY 12572, USA",(845) 417-8429,http://rhinebeck-acupuncture.com/,,,OPERATIONAL,Rhinebeck,Dutchess
Women's View Acupuncture,"107 Montgomery St, Rhinebeck, NY 12572, USA",(845) 871-4380,,,,OPERATIONAL,Rhinebeck,Dutchess
Golden Dragon Wellness,"98 Green St Suite 1, Hudson, NY 12534, USA",(347) 543-1129,http://www.goldendragonwellness.com/,5,8,OPERATIONAL,Tivoli,Dutchess
Regenerative Acupuncture PC,"3664 NY-212, Shady, NY 12409, USA",(917) 202-5356,http://www.regenerativeacupuncturewoodstock.com/,5,2,OPERATIONAL,Tivoli,Dutchess
Rosendale Acupuncture PLLC - Katie Finley L.Ac.,"2071 NY-32, Kingston, NY 12401, USA",(845) 430-8383,http://www.rosendaleacupuncture.com/,5,5,OPERATIONAL,Tivoli,Dutchess
Tisana Acupuncture Pllc,"86 NY-59, Spring Valley, NY 10977, USA",(845) 425-0033,,3.9,8,OPERATIONAL,Tivoli,Dutchess
Acupuncture Clinic,"15 Myers Corners Rd, Wappingers Falls, NY 12590, USA",,,,,OPERATIONAL,Wappingers Falls,Dutchess
"Centered Health Acupuncture: Andrea Henkels, L.Ac. and Team","80 Washington St, Poughkeepsie, NY 12601, USA",(845) 232-0897,http://www.centeredhealthhealingarts.com/,5,41,OPERATIONAL,Wappingers Falls,Dutchess
Centered Health Healing Arts,"80 Washington St Suite 301, Poughkeepsie, NY 12601, USA",(845) 232-0897,https://centeredhealthhealingarts.com/,5,7,OPERATIONAL,Wappingers Falls,Dutchess
Rising Earth Healing Arts,"2676 W Main St, Wappingers Falls, NY 12590, USA",(845) 288-3006,http://www.risingearthhealingarts.com/,4.9,42,OPERATIONAL,Wappingers Falls,Dutchess
Zhang Yu-Qi Acupuncturist PC,"2789 W Main St Apartment 1, Wappingers Falls, NY 12590, USA",(845) 297-1213,,,,OPERATIONAL,Wappingers Falls,Dutchess
ACA Acupuncture & Wellness - Long Island City Athena,"42-56 Hunter St, Long Island City, NY 11101, USA",(347) 448-6004,https://acaacupuncture.com/aca-long-island-city-athena/,5,300,OPERATIONAL,Athens,Greene
"Amy A. Mahoney, Lac","41 5 Mile Woods Rd, Catskill, NY 12414, USA",(518) 943-9303,,,,OPERATIONAL,Catskill,Greene
Phoenicia Healing Arts Center,"74 Main St, Phoenicia, NY 12464, USA",,http://phoeniciahealingarts.com/,5,3,OPERATIONAL,Catskill,Greene
DMS Acupuncture,"10 Elm St, Cornwall, NY 12518, USA",(845) 926-2487,https://dmsacu.com/contact-location,5,2,OPERATIONAL,Cornwall-on-Hudson,Orange
Heliotrope Holistic Healing,"10 Elm St Suite 18, Cornwall, NY 12518, USA",(845) 522-4103,https://heliotropeholistichealing.com/,5,17,OPERATIONAL,Cornwall-on-Hudson,Orange
Newburgh Acupuncture Project,"109 S William St G4, Newburgh, NY 12550, USA",(845) 857-8386,http://newburghacupunctureproject.com/,5,23,OPERATIONAL,Cornwall-on-Hudson,Orange
Sang Acupuncture & Herbal Medicine,"407 Gidney Ave, Newburgh, NY 12550, USA",(845) 649-1102,http://sangacupuncture.com/,5,5,OPERATIONAL,Cornwall-on-Hudson,Orange
Stefanie Vidal Acupuncture,"16 Quaker Ave Suite 5, Cornwall, NY 12518, USA",,https://www.stefanievidalacupuncture.com/,5,4,OPERATIONAL,Cornwall-on-Hudson,Orange
"Creekside Acupuncture & Natural Medicine, Stephanie Ellis, L.Ac.","371 Main St, Rosendale, NY 12472, USA",(845) 546-5358,http://www.creeksideacupuncture.com/,5,24,OPERATIONAL,Highland Falls,Orange
Golden Light Acupuncture,"26 N Front St, New Paltz, NY 12561, USA",(845) 420-2554,http://goldenlightacupunctureny.com/,5,52,OPERATIONAL,Highland Falls,Orange
Hudson Acupuncture,"187 New Hackensack Rd, Wappingers Falls, NY 12590, USA",(845) 797-1610,https://www.mengacupuncture.com/,5,3,OPERATIONAL,Highland Falls,Orange
Hudson Valley Acupuncture,"108 Pine St, Kingston, NY 12401, USA",(845) 340-4490,https://hvacupuncture.com/contact/,5,16,OPERATIONAL,Highland Falls,Orange
JAC Acupuncture,"82 Sawyer Ln, Pine Bush, NY 12566, USA",(845) 744-8079,http://www.jacacupuncture.com/,5,2,OPERATIONAL,Highland Falls,Orange
"Jason Elias Acupuncture, Integral Health Apothecary","3 Paradies Ln, New Paltz, NY 12561, USA",(845) 255-2255,http://fiveelementhealing.net/,5,2,OPERATIONAL,Highland Falls,Orange
LAN Acupuncture & Herbal Medicine,"815 Blooming Grove Turnpike #402, New Windsor, NY 12553, USA",(845) 674-7639,http://www.lanacupuncture.com/,4.9,58,OPERATIONAL,Highland Falls,Orange
Pine Sage Acupuncture,"66 Middlebush Rd # 101, Wappingers Falls, NY 12590, USA",(720) 938-8122,https://elenanovikov.nccaomdiplomates.com/,5,2,OPERATIONAL,Highland Falls,Orange
"Rise J. Finkle, ND Stone Ridge Natural Medicine","264 Old Kings Hwy, Stone Ridge, NY 12484, USA",(845) 389-2547,http://www.stoneridgenaturalmedicine.com/,5,3,OPERATIONAL,Highland Falls,Orange
Sunset Healing Collective,"40 Sunset Ridge suite 130, New Paltz, NY 12561, USA",(917) 676-0828,https://www.sunsethealingcollective.com/,5,36,OPERATIONAL,Highland Falls,Orange
Advanced Alternative Medicine Center,"320 Robinson Ave Suite 209, Newburgh, NY 12550, USA",(845) 561-2225,http://www.spineboy.com/,4.6,11,OPERATIONAL,Newburgh,Orange
Bliss Wellness,"313 S William St Suite 2, Newburgh, NY 12550, USA",(845) 393-1008,,3.7,3,OPERATIONAL,Newburgh,Orange
Herbal Wellness,"243 Broadway, Newburgh, NY 12550, USA",(845) 563-0789,,5,56,OPERATIONAL,Newburgh,Orange
Hudson Valley Acupressure,"156 Weyants Ln, Newburgh, NY 12550, USA",(914) 213-7342,,,,OPERATIONAL,Newburgh,Orange
"Joyce Leung Acupuncture, PC","190 S Plank Rd Suite 9, Newburgh, NY 12550, USA",(646) 827-1128,https://joyceleungacupuncture.com/,5,103,OPERATIONAL,Newburgh,Orange
"Judith A. Chaleff, L.Ac.","337 Fullerton Ave, Newburgh, NY 12550, USA",(845) 565-2809,,5,1,OPERATIONAL,Newburgh,Orange
"Kimberly A. Lotocke, LAC","8 Colonel Foster Dr, Rock Tavern, NY 12575, USA",(845) 527-0293,,5,8,OPERATIONAL,Newburgh,Orange
Living Angelic: Family Health and Wellness Center,"1227 NY-300 Suite 1, Newburgh, NY 12550, USA",(347) 567-6060,http://www.livingangelic.com/,5,235,OPERATIONAL,Newburgh,Orange
hudson holistic of newburgh Tasha Townsend,"550 Stony Brook Ct, Newburgh, NY 12550, USA",(845) 542-8989,https://www.instagram.com/hudsonholisticnewburgh/,5,14,OPERATIONAL,Newburgh,Orange
On Point Acupuncture NY,"1875 US-6, Carmel Hamlet, NY 10512, USA",(917) 584-1300,https://sites.google.com/view/onpointacupuncture/,5,8,OPERATIONAL,West Point,Orange
"Christine Bokhour, LAc Acupuncture and Bodywork","1 Chestnut St, Cold Spring, NY 10516, USA",(917) 340-8449,,,,OPERATIONAL,Cold Spring,Putnam
"Crofts Acupuncture & Herbs - Jessica Crofts, DACM","54 Lyons Rd, Cold Spring, NY 10516, USA",(914) 519-7475,http://www.croftsacupuncture.com/,5,35,OPERATIONAL,Cold Spring,Putnam
Dragon Springs Wellness-Malinda DeMercurio L.Ac.,"222 NY-299 Suite 12, Highland, NY 12528, USA",(845) 532-6723,http://dragonspringswellness.com/,5,19,OPERATIONAL,Cold Spring,Putnam
Hudson Holistic Health Center,"156 Main St, Cold Spring, NY 10516, USA",(845) 265-3160,,5,1,OPERATIONAL,Cold Spring,Putnam
Hudson River Healing and Wellness,"290 Main St Suite 4, Cold Spring, NY 10516, USA",(845) 240-1822,http://www.hrhealingwellness.com/,4.3,17,OPERATIONAL,Cold Spring,Putnam
Hudson Valley Community Acupuncture,"3315 US-9 Suite 4, Cold Spring, NY 10516, USA",(845) 220-8435,https://www.facebook.com/HudsonValleyCommunityAcupuncture,5,6,OPERATIONAL,Cold Spring,Putnam
"Lauren Barrett, Licensed Acupuncturist","1111 US-9 Suite #1, Garrison, NY 10524, USA",(845) 202-3130,http://www.lauren-barrett.com/,5,8,OPERATIONAL,Cold Spring,Putnam
Melissa Meyers Acupuncture,"35 Garrisons Landing, Garrison, NY 10524, USA",(646) 530-0092,http://melissameyersacupuncture.com/,,,OPERATIONAL,Garrison,Putnam
Island Acupuncture,"500 Federal St Suite 200, Troy, NY 12180, USA",(518) 417-7236,http://islandacu.com/,5,10,OPERATIONAL,Rensselaer,Rensselaer
"North Country Acupuncture, PLLC","800 NY-146 #499, Clifton Park, NY 12065, USA",(518) 410-7770,http://northcountryacupuncture.net/,5,52,OPERATIONAL,Rensselaer,Rensselaer
Rei Integrative Wellness,"48 N Greenbush Rd, Troy, NY 12180, USA",(518) 326-0200,https://reiintegrative.com/,5,27,OPERATIONAL,Rensselaer,Rensselaer
Acupuncture of Rockland,"345 N Main St #10, New City, NY 10956, USA",(845) 675-7826,,,,OPERATIONAL,Haverstraw,Rockland
Hillary Wells Acupuncture PLLC,"811 Chestnut Ridge Rd # E, Chestnut Ridge, NY 10977, USA",(845) 290-0678,http://www.hillarywellsacupuncture.com/,5,15,OPERATIONAL,Haverstraw,Rockland
Integrative Health of Rockland,"286 S Main St, New City, NY 10956, USA",(845) 764-4774,https://www.integrativehealthrockland.com/,4.8,10,OPERATIONAL,Haverstraw,Rockland
River Wellness Acupuncture,"54 S Liberty Dr, Stony Point, NY 10980, USA",(845) 821-0793,,,,OPERATIONAL,Haverstraw,Rockland
Stefanie Cotter Acupuncture,"17 Indian Rock, Suffern, NY 10901, USA",(646) 389-6809,http://www.stefaniecotter.com/,5,1,OPERATIONAL,Haverstraw,Rockland
"Synergy Acupuncture, Chiropractic and Physical Therapy PLLC","182 S Main St, New City, NY 10956, USA",(845) 358-4000,http://synergynewcity.com/,5,64,OPERATIONAL,Haverstraw,Rockland
AcuLiving Acupuncture Therapy + Sports Medicine,"2 Strawtown Rd Unit 5, West Nyack, NY 10994, USA",(845) 642-4349,http://aculiving.com/,5,9,OPERATIONAL,Nyack,Rockland
Azamra Acupuncture and Natural Medicine,"971 NY-45 # 106, Pomona, NY 10970, USA",(845) 367-1139,http://www.azamraacupuncture.com/,5,89,OPERATIONAL,Nyack,Rockland
"Catherine J. Parker, LAC","42 Main St Suite 206, Nyack, NY 10960, USA",(914) 319-1396,,,,OPERATIONAL,Nyack,Rockland
Divine Acupuncture and Wellness,"120 N Main St Suite 204, New City, NY 10956, USA",(845) 377-5030,https://divineacu.com/,5,12,OPERATIONAL,Nyack,Rockland
Dr. Rebecca Larris & Dr. Bruce Handelsman Reviver Chiropractic Family and Wellness,"52 N Broadway, Nyack, NY 10960, USA",(845) 353-2862,http://www.nyackwellness.com/,5,43,OPERATIONAL,Nyack,Rockland
Integrative Wellness Family Health NP,"99 Main St #542, Nyack, NY 10960, USA",(845) 204-8608,http://ivwellnessnp.com/,5,4,OPERATIONAL,Nyack,Rockland
JP Acupuncture Care,"105 Shad Row, Piermont, NY 10968, USA",(201) 344-3769,,5,10,OPERATIONAL,Nyack,Rockland
"Marie Gonzales, L.Ac.","196 Main St, Nyack, NY 10960, USA",(845) 398-1312,http://www.acupuncturenyack.com/,5,19,OPERATIONAL,Nyack,Rockland
"Metropolitan Acupuncture and Herbal Medicine, LLC","TURNPIKE Professional Building, 256 Old Nyack Turnpike, Spring Valley, NY 10977, USA",(845) 579-2120,,4.6,10,OPERATIONAL,Nyack,Rockland
Michael Cho Acupuncture and Herbs,"120 N Main St #400, New City, NY 10956, USA",(845) 321-4725,http://michaelchoacupuncture.com/,5,26,OPERATIONAL,Nyack,Rockland
New City Acupuncture & Wellness Center,"125 S Main St, New City, NY 10956, USA",(845) 579-2428,https://newcitywellness.com/,5,65,OPERATIONAL,Nyack,Rockland
"Nyack Acupuncture/Nancy A. Fisher MS, LAc","134 N Broadway, Nyack, NY 10960, USA",(845) 416-2328,http://nyackacupuncture.com/,4.6,11,OPERATIONAL,Nyack,Rockland
Pearl River Acupuncture,"275 N Middletown Rd Suite 1G-A, Pearl River, NY 10965, USA",(845) 668-1700,https://pearlriveracupuncture.com/,5,42,OPERATIONAL,Nyack,Rockland
Rooted Elements Acupuncture,"48 Burd St # 205B, Nyack, NY 10960, USA",(845) 535-9116,http://www.rootedelementsacu.com/,5,4,OPERATIONAL,Nyack,Rockland
"Sundala Wellness, Inc.: Orthopedic and Sports Medicine Acupuncture, Physical Therapy, Dry Needling","2 Strawtown Rd, West Nyack, NY 10994, USA",(845) 359-4694,https://www.sundala.com/,5,44,OPERATIONAL,Nyack,Rockland
Symmetry Acupuncture,"719 W Nyack Rd Ste 25, West Nyack, NY 10994, USA",(845) 288-1914,http://www.symmetryacu.com/,5,8,OPERATIONAL,Nyack,Rockland
Traditional Acupuncture Center,"134 NY-59, Nanuet, NY 10954, USA",(845) 623-4187,http://www.traditionalacupuncturecenter.com/,4.9,8,OPERATIONAL,Nyack,Rockland
Zeng Natural Healing,"147 Main St, Nanuet, NY 10954, USA",(845) 598-1965,http://zengnatural.com/,4.7,19,OPERATIONAL,Nyack,Rockland
Botjer Acupuncture,"105 Shad Row #1C, Piermont, NY 10968, USA",(551) 655-1531,http://botjeracupuncture.com/,5,5,OPERATIONAL,Piermont,Rockland
"Dr. Anabelle Grigorescu DAc, LAc-Northeast Acupuncture","2005 Palmer Ave, Larchmont, NY 10538, USA",(914) 200-4405,http://www.anabellegrigorescu.com/,5,16,OPERATIONAL,Piermont,Rockland
Haram Acupuncture clinic,"100 NY-303, Tappan, NY 10983, USA",(845) 680-6294,https://www.karamedspa.com/contact-us/,5,10,OPERATIONAL,Piermont,Rockland
Orangetown Acupuncture,"Second Floor, 60 Dutch Hill Rd Suite 2B, Orangeburg, NY 10962, USA",(845) 570-5057,https://www.orangetownacupuncture.com/?utm_source=google&utm_medium=wix_google_business_profile&utm_campaign=5852931015666022732,5,33,OPERATIONAL,Piermont,Rockland
Riverview Wellness Center For Well Being,"269 Piermont Ave, Piermont, NY 10968, USA",(347) 744-9322,https://www.riverviewwellnesscenter.com/,5,4,OPERATIONAL,Piermont,Rockland
Shang Acupuncture Center,"177 E Washington Ave, Pearl River, NY 10965, USA",(845) 735-4282,http://www.shangacupuncturecenter.com/,5,8,OPERATIONAL,Piermont,Rockland
Source Wellness,"103 S Greenbush Rd, Orangeburg, NY 10962, USA",(845) 359-4767,http://www.sourcewellness.com/,5,11,OPERATIONAL,Piermont,Rockland
"Tappan Acupuncture | Acupuncture in Tappan, NY | Acupuncture for Pain, Depression, Dementia, Stroke, Parkinson in Tappan, NY","111 NY-303 Suite 109, Tappan, NY 10983, USA",(917) 860-3255,http://ny.koreaportal.com/yp/22542-New-York-%EB%B2%88%EC%98%81-%ED%95%9C%EC%9D%98%EC%9B%90--%EB%AC%BC%EB%A6%AC%EC%B9%98%EB%A3%8C-%EB%89%B4%EC%A0%80%EC%A7%80-%ED%86%B5%EC%A6%9D%EC%B9%98%EB%A3%8C-%EB%89%B4%EC%A0%80%EC%A7%80-%EB%AC%BC%EB%A6%AC%EC%B9%98%EB%A3%8C,5,1,OPERATIONAL,Piermont,Rockland
Woo Acupuncture P.C.,"60 Dutch Hill Rd GL-1, Orangeburg, NY 10962, USA",(845) 366-0117,http://www.wooacu.com/,5,3,OPERATIONAL,Piermont,Rockland
제중한의원(JeJungAcupuncture&Herbs),"4 Roundhouse Rd, Piermont, NY 10968, USA",(845) 848-2505,,,,OPERATIONAL,Piermont,Rockland
Serenity Point Acupuncture,"85 Cold Spring Rd, Syosset, NY 11791, USA",(516) 303-2590,https://serenitypointacu.com/,5,36,OPERATIONAL,Stony Point,Rockland
Little Waters Wellness with Dr. Kristina Wodicka,"16 Collyer Ave, Valley Cottage, NY 10989, USA",(845) 535-5299,http://www.drwodicka.com/,5,29,OPERATIONAL,Upper Nyack,Rockland
Robert S. Kim Acupuncture Wellness Care,"275 NY-304 # 700, Bardonia, NY 10954, USA",(845) 826-4508,https://acupuncturersk.setmore.com/,5,12,OPERATIONAL,Upper Nyack,Rockland
"expecting wellness acupuncture, pc","160 N Midland Ave, Nyack, NY 10960, USA",(917) 526-2365,,,,OPERATIONAL,Upper Nyack,Rockland
AromaGee Massage & Holistic Wellness,"652 NY-299 Suite 101, Highland, NY 12528, USA",(845) 242-8077,http://www.aromagee.com/,5,80,OPERATIONAL,Highland,Ulster
"Callie Brown, Acupuncture Health Care associates","108 Main St #3, New Paltz, NY 12561, USA",(845) 417-8562,http://newpaltz-acupuncture.com/,5,10,OPERATIONAL,Highland,Ulster
Haven Acupuncture & Chiropractic PLLC,"1510 US-9W, Marlboro, NY 12542, USA",(845) 249-9215,http://www.havenacu.com/,5,14,OPERATIONAL,Highland,Ulster
"Holistic Health and Happiness, LLC","24 Main St, Highland, NY 12528, USA",(845) 668-4448,http://www.holistichealthandhappiness.com/,5,4,OPERATIONAL,Highland,Ulster
AiAiA x Alexis Arvidson Acupuncture,"45 Pine Grove Ave Suite 218, Kingston, NY 12401, USA",(845) 706-9638,http://www.alexisarvidsonacupuncture.com/,5,21,OPERATIONAL,Kingston,Ulster
Amber Milanovich Acupuncture,"2821 US-209, Kingston, NY 12401, USA",(718) 938-7907,http://ambermilanovich.com/,5,11,OPERATIONAL,Kingston,Ulster
Andrea Barouch-Hebb Acupuncture,"210 Wall St, Kingston, NY 12401, USA",(845) 309-3633,,5,7,OPERATIONAL,Kingston,Ulster
Andress Acupuncture,"12 John St, Kingston, NY 12401, USA",(845) 674-3778,,5,14,OPERATIONAL,Kingston,Ulster
Ellison Acupuncture,"101 Hurley Ave, Kingston, NY 12401, USA",(845) 750-8700,http://www.ellisonacupuncture.com/,5,1,OPERATIONAL,Kingston,Ulster
Jipala Acupuncture PLLC - Jipala Kagan L.Ac,"291 Wall St, Kingston, NY 12401, USA",(845) 340-8625,http://www.jipalakagan.com/,5,5,OPERATIONAL,Kingston,Ulster
"Kate Rosko, Acupuncture 針灸 in Kingston","275 Fair St Suite 24, Kingston, NY 12401, USA",(917) 539-2306,http://earthlingacupuncture.com/,5,5,OPERATIONAL,Kingston,Ulster
Tischleracupuncture,"338 Plaza Rd, Kingston, NY 12401, USA",(845) 332-5594,,4.3,6,OPERATIONAL,Kingston,Ulster
von Miller Acupuncture,"83 Maiden Ln, Kingston, NY 12401, USA",,https://www.vonmilleracupuncture.com/,5,2,OPERATIONAL,Kingston,Ulster
C & C Wellness,"1300 US-9W, Marlboro, NY 12542, USA",(914) 257-7752,https://cc-wellness.org/,5,57,OPERATIONAL,Marlboro,Ulster
Antai Acupuncture,"945 E Henrietta Rd A6- ANNEX, Rochester, NY 14623, USA",(585) 662-8503,https://www.antaitcm.com/,5,15,OPERATIONAL,Milton,Ulster
Dr Zachary Truncali DC LAc,"1510 US-9W, Milton, NY 12547, USA",(845) 393-4199,http://havenacu.com/,5,3,OPERATIONAL,Milton,Ulster
Mountain Herb Acupuncture,"150 Purchase St, Rye, NY 10580, USA",(203) 962-4531,https://www.mountainherbacupuncture.com/,5,15,OPERATIONAL,Milton,Ulster
ACUPUNCTURE + TRADITIONAL MEDICINE DOKTOR KAT,"564 Main St, Cairo, NY 12413, USA",(845) 366-6931,http://drkat.info/,,,OPERATIONAL,Saugerties,Ulster
Acupuncture Arts NYC,"340 Fish Creek Rd, Saugerties, NY 12477, USA",(917) 557-1199,,,,OPERATIONAL,Saugerties,Ulster
Modern Roots Acupuncture,"134 Burt St, Saugerties, NY 12477, USA",(845) 663-5924,http://modernrootsacu.com/,4.9,34,OPERATIONAL,Saugerties,Ulster
Samantha Yurkosky Acupuncture,"99 Tinker St, Woodstock, NY 12498, USA",(973) 766-2161,http://samanthayurkosky.com/,5,8,OPERATIONAL,Saugerties,Ulster
Saugerties Wellness Center,"854 NY-212, Saugerties, NY 12477, USA",(845) 246-2804,,3.6,27,OPERATIONAL,Saugerties,Ulster
Woodstock Acupuncture Center,"26 Oriole Dr, Woodstock, NY 12498, USA",(845) 679-6570,,5,2,OPERATIONAL,Saugerties,Ulster
Woodstock Healing Arts,"83 Mill Hill Rd, Woodstock, NY 12498, USA",(845) 393-4325,https://www.woodstockhealingarts.com/,4.8,32,OPERATIONAL,Saugerties,Ulster
"Ahimsa Acupuncture, LLC","60 Main St, Irvington, NY 10533, USA",(646) 543-9067,http://www.ahimsaacupuncture.com/,,,OPERATIONAL,Dobbs Ferry,Westchester
Chakra Acupuncture Wellness & Beauty,"280 Dobbs Ferry Rd # 205, White Plains, NY 10607, USA",(914) 786-1413,https://www.chakra-acu.com/,4.9,54,OPERATIONAL,Dobbs Ferry,Westchester
"East Mountain Acupuncture, PLLC - Ron Hershey","132 Grand St, Croton-On-Hudson, NY 10520, USA",(914) 271-3684,https://www.eastmtnacupuncture.com/,5,4,OPERATIONAL,Dobbs Ferry,Westchester
"Eastern Light Acupuncture - White Plains, Westchester, NY","280 Dobbs Ferry Rd # 204, White Plains, NY 10607, USA",(914) 686-2353,http://www.eastmedny.com/,4.9,10,OPERATIONAL,Dobbs Ferry,Westchester
Kwan Acupuncture PLLC,"570 Taxter Rd Ste 640, Elmsford, NY 10523, USA",(914) 222-1560,http://www.kwanacupuncture.com/,5,67,OPERATIONAL,Dobbs Ferry,Westchester
Natural Balance Acupuncture,"580 NY-303 Unit 2, Blauvelt, NY 10913, USA",(845) 613-7185,https://www.naturalbalanceacu.com/,5,19,OPERATIONAL,Dobbs Ferry,Westchester
Precision Acupuncture Clinic,"90 N Broadway, Irvington, NY 10533, USA",(929) 688-2567,https://precisionacupunctureclinic.com/,5,2,OPERATIONAL,Dobbs Ferry,Westchester
Signature Acupuncture Studio PLLC,"75 S Broadway 4th floor, White Plains, NY 10601, USA",(914) 222-5644,https://www.signatureacupuncture.com/,4.9,48,OPERATIONAL,Dobbs Ferry,Westchester
Well Collab Acupuncture Ossining,"127 Main St, Ossining, NY 10562, USA",(914) 418-5679,https://wellcollab.com/,5,6,OPERATIONAL,Dobbs Ferry,Westchester
Wellness and Pain,"1053 Saw Mill River Rd # Ll1, Ardsley, NY 10502, USA",(844) 639-3539,https://www.wellnessandpain.com/,4.9,127,OPERATIONAL,Dobbs Ferry,Westchester
Wellnest Chiropractic and Holistic Center (Dr. Ivana Vargas),"145 Palisade St #412B, Dobbs Ferry, NY 10522, USA",(914) 297-7999,http://www.hudsonchiropracticandwellness.com/,5,53,OPERATIONAL,Dobbs Ferry,Westchester
White Plains Acupuncture PLLC,"280 Mamaroneck Ave # 204, White Plains, NY 10605, USA",(914) 354-0333,http://www.whiteplainsacupuncture.com/,5,20,OPERATIONAL,Dobbs Ferry,Westchester
Alison Murphy Acupuncture,"38 N 5th St, Hudson, NY 12534, USA",,http://www.alisonmurphylac.com/,5,1,OPERATIONAL,Hastings-on-Hudson,Westchester
Eastgate Acupuncture,"454 Warren St #3, Hudson, NY 12534, USA",(518) 828-0205,http://www.eastgateacupuncture.com/,5,31,OPERATIONAL,Hastings-on-Hudson,Westchester
Elliott Acupuncture,"876 Columbia St, Hudson, NY 12534, USA",(518) 828-8588,https://elliottacupuncture.net/,4.7,31,OPERATIONAL,Hastings-on-Hudson,Westchester
Enliven Health and Wellness,"146 Green St, Hudson, NY 12534, USA",(510) 388-6077,https://enlivenyourhealth.com/,5,8,OPERATIONAL,Hastings-on-Hudson,Westchester
Flowing Rivers Acupuncture P.C.,"601 Warburton Ave, Hastings-On-Hudson, NY 10706, USA",(914) 572-1559,https://www.flowingrivers.net/,5,1,OPERATIONAL,Hastings-on-Hudson,Westchester
Hudson River Acupuncture,"380 US-202 suite a, Somers, NY 10589, USA",(845) 233-5445,https://hudsonriveracupuncture.com/,5,6,OPERATIONAL,Hastings-on-Hudson,Westchester
Incao Acupuncture,"453 State St, Hudson, NY 12534, USA",(518) 334-0777,http://www.incaoacupuncture.com/,5,3,OPERATIONAL,Hastings-on-Hudson,Westchester
"SongAm Integrative Acupuncture, P.L.L.C., Michael Song L.Ac","10 Crescent Ln, Dobbs Ferry, NY 10522, USA",(914) 539-0366,,5,13,OPERATIONAL,Hastings-on-Hudson,Westchester
The East Asian Medicine Center,"2679 Co Rte 8, Elizaville, NY 12523, USA",(917) 345-8257,http://www.eastasianmedicinecenter.com/?utm_source=google&utm_medium=local&utm_campaign=gmb,5,26,OPERATIONAL,Hastings-on-Hudson,Westchester
Victoria Allen Acupuncture,"42 B Main St, Hastings-On-Hudson, NY 10706, USA",(347) 256-6400,https://victoriaallenacu.com/,5,4,OPERATIONAL,Hastings-on-Hudson,Westchester
Willow Acupuncture,"6844 NY-32, Greenville, NY 12083, USA",(518) 275-5707,https://willowacu.net/,5,9,OPERATIONAL,Hastings-on-Hudson,Westchester
Women's Holistic Center,"547 Saw Mill River Rd #2a, Ardsley, NY 10502, USA",(914) 559-2777,http://womensholisticcenter.com/,5,7,OPERATIONAL,Hastings-on-Hudson,Westchester
"Anat Raz, M.S., L.Ac. Acupuncture & Chinese Herbal Medicine","25 E Main St, Mt Kisco, NY 10549, USA",(914) 244-0569,http://anatrazacupuncture.com/,5,12,OPERATIONAL,Ossining,Westchester
Blackbird Healing,"109 Upper Croton Ave #205, Ossining, NY 10562, USA",(914) 886-8819,,5,6,OPERATIONAL,Ossining,Westchester
Elena Novikov Acupuncture.,"71 Upper Croton Ave, Ossining, NY 10562, USA",(720) 938-8122,http://www.nccaomdiplomates.com/elenanovikov,4.9,13,OPERATIONAL,Ossining,Westchester
Haase Acupuncture,"23 Spring St, Ossining, NY 10562, USA",(914) 432-5350,,,,OPERATIONAL,Ossining,Westchester
Ossining Acupuncture,"100 S Highland Ave, Ossining, NY 10562, USA",,https://ossiningacupuncture.com/,5,2,OPERATIONAL,Ossining,Westchester
Smith Acupuncture,"15 N Broadway, Nyack, NY 10960, USA",(201) 788-3490,https://www.smithacupuncture.com/,5,10,OPERATIONAL,Ossining,Westchester
"Spreading Roots Acupuncture, PLLC","359 Main St Suite 3B, Mt Kisco, NY 10549, USA",(914) 486-5958,http://www.spreadingrootsacupuncture.com/,4.9,58,OPERATIONAL,Ossining,Westchester
"Beacon Hills Acupuncture, PLLC","13 Joy Pl, Beacon, NY 12508, USA",(718) 974-1461,http://www.beaconhillsacupuncture.com/,4.9,43,OPERATIONAL,Peekskill,Westchester
Creative Healing and Wellness,"501 N James St, Peekskill, NY 10566, USA",(914) 402-4433,http://www.creativehealingandwellness.com/contact.html,,,OPERATIONAL,Peekskill,Westchester
Firebird Acupuncture - Traditional Chinese Medicine,"18 Cross Timbers Rd, Garrison, NY 10524, USA",(917) 453-9845,https://firebirdacupuncture.com/?utm_source=google&utm_medium=GBP,4.2,10,OPERATIONAL,Peekskill,Westchester
"Kathryn Duffy Acupuncture, P.C.","987 Main St 2nd Floor, Peekskill, NY 10566, USA",(718) 414-0627,https://kathrynduffyacupuncture.com/,5,50,OPERATIONAL,Peekskill,Westchester
"Lauren Barrett, Licensed Acupuncturist | Peekskill","1006 Brown St Suite 211, Peekskill, NY 10566, USA",(845) 202-3130,http://lauren-barrett.com/,5,1,OPERATIONAL,Peekskill,Westchester
"Lifted Heart - Dr. Leah Sasha Hawk, D.Ac., L.Ac.","236 Kings Ferry Rd, Verplanck, NY 10596, USA",(917) 609-3202,http://www.liftedheart.com/,4.8,12,OPERATIONAL,Peekskill,Westchester
Blue Jade Wellness: Acupuncture and Massage,"61 Lawton Ave, Hartsdale, NY 10530, USA",(646) 833-8882,http://bluejadewellness.com/,5,18,OPERATIONAL,Sleepy Hollow,Westchester
"GenWell Acupuncture | Dr. Tara G. Almquist, DAIM, L.Ac.","380 US-202, Somers, NY 10589, USA",(646) 483-3086,https://genwellacupuncture.com/,4.9,41,OPERATIONAL,Sleepy Hollow,Westchester
Good Neighbor Acupuncture,"1 Hollow Ln # 300, New Hyde Park, NY 11042, USA",(516) 279-6694,https://goodneighboracu.com/,5,30,OPERATIONAL,Sleepy Hollow,Westchester
"Rivertown Med Spa, Cosmetic Beauty and Wellness Services","358 N Broadway, Sleepy Hollow, NY 10591, USA",(914) 810-4729,http://rivertownmedspa.com/,4.7,13,OPERATIONAL,Sleepy Hollow,Westchester
"The Family Healing Spot LLC: Acupuncture, Herbs, Qi Gong, energy work, and SAUNA!","1010 Park st Suite 2W-3, 2nd floor, Peekskill, NY 10566, USA",(917) 456-6385,http://healingspot.org/,4.9,27,OPERATIONAL,Sleepy Hollow,Westchester
Christina Wallace Acupuncture PLLC,"55 S Broadway 2nd floor, Tarrytown, NY 10591, USA",(914) 246-0148,http://www.cwacupuncture.com/,5,32,OPERATIONAL,Tarrytown,Westchester
HC Acupuncture,"311 North St Suite 302, White Plains, NY 10605, USA",(914) 219-1010,https://hcacupuncture.com/,4.7,13,OPERATIONAL,Tarrytown,Westchester
HC Acupuncture,"77 Tarrytown Rd, White Plains, NY 10607, USA",(914) 949-1028,http://www.hcacupuncture.com/,4.1,8,OPERATIONAL,Tarrytown,Westchester
"Jennifer Liang, L.Ac., DAOM","14 Jason Pl Suite 201, Middletown, NY 10940, USA",(845) 414-6295,https://www.jenniferacupuncture.com/,5,6,OPERATIONAL,Tarrytown,Westchester
KANA Physical Therapy & Wellness,"47 Main St Rear, Tarrytown, NY 10591, USA",(914) 916-2298,http://www.kana-pt.com/,5,16,OPERATIONAL,Tarrytown,Westchester
Kingsfoil Acupuncture,"75 Main St suite 1r, Goshen, NY 10924, USA",(845) 682-0809,https://www.jenniferacupuncture.com/,5,10,OPERATIONAL,Tarrytown,Westchester
"Kwanghee Lyew, Ph.D., RN, L.Ac. C.H.","245 N Broadway #206, Sleepy Hollow, NY 10591, USA",(912) 522-0536,,,,OPERATIONAL,Tarrytown,Westchester
Lyew Acupuncture,"245 N Broadway, Tarrytown, NY 10591, USA",(912) 522-0536,,,,OPERATIONAL,Tarrytown,Westchester
Ren-Shen Healing,"65 S Broadway, Tarrytown, NY 10591, USA",(914) 418-5440,http://www.renshenhealing.com/,5,29,OPERATIONAL,Tarrytown,Westchester
Riverstone Wellness Center,"2 Hudson St, Tarrytown, NY 10591, USA",(914) 332-9642,http://www.riverstoneyoga.com/,5,21,OPERATIONAL,Tarrytown,Westchester
Serenity Acupuncture and Wellness,"172 N Highland Ave suite 1, Ossining, NY 10562, USA",(914) 299-7787,http://www.pazacu-westchester.com/,5,27,OPERATIONAL,Tarrytown,Westchester
Thrive Acupuncture & Wellness,"1 S Greeley Ave #202, Chappaqua, NY 10514, USA",(914) 268-6458,http://www.thriveacupunctureny.com/,5,19,OPERATIONAL,Tarrytown,Westchester
Two Rivers Acupuncture,"265 N Highland Ave # 105, Nyack, NY 10960, USA",(845) 418-0809,http://www.tworiversacupuncture.com/,5,205,OPERATIONAL,Tarrytown,Westchester
"Wei Acupuncture, PLLC","40 Triangle Center Suite 217, Yorktown Heights, NY 10598, USA",(914) 352-5005,,5,27,OPERATIONAL,Tarrytown,Westchester
Well Collab Acupuncture,"245 N Broadway Suite 207, Sleepy Hollow, NY 10591, USA",(914) 418-5679,http://wellcollab.com/,5,8,OPERATIONAL,Tarrytown,Westchester
sleepy hollow acupuncture,"239 Broadway, Sleepy Hollow, NY 10591, USA",(914) 819-0970,,,,OPERATIONAL,Tarrytown,Westchester
Acupuncture New Rochelle,"421 Huguenot St Suite 31, New Rochelle, NY 10801, USA",(914) 338-8002,https://www.acupuncturenewrochelle.com/,5,43,OPERATIONAL,Yonkers,Westchester
Bronx Acupuncture,"3800 Putnam Ave W, Bronx, NY 10463, USA",(718) 406-2315,https://sites.google.com/view/bronxacupuncture?usp=sharing,5,54,OPERATIONAL,Yonkers,Westchester
Bronxville Acupuncture,"141 Parkway Rd Suite 27, Bronxville, NY 10708, USA",(914) 222-9299,https://bronxvilleacupuncture.com/,5,52,OPERATIONAL,Yonkers,Westchester
Bronxville Wellness Sanctuary,"14 Studio Arcade, Bronxville, NY 10708, USA",(914) 337-9356,https://www.bronxvillewellness.com/,4.9,367,OPERATIONAL,Yonkers,Westchester
Complete Human Acupuncture PLLC,"29 Williamsburg Close, Scarsdale, NY 10583, USA",(914) 745-9800,https://www.completehumanacu.com/,5,3,OPERATIONAL,Yonkers,Westchester
Eastern Wellness Acupuncture,"83 Montgomery Ave, Scarsdale, NY 10583, USA",(914) 472-6688,http://www.easternwellnessacupuncture.com/,5,6,OPERATIONAL,Yonkers,Westchester
"Eastway Acupuncture: Easter Yi Acupuncture, PLLC","495 Central Park Ave Suite 205, Scarsdale, NY 10583, USA",(914) 573-1069,http://www.eastwayacupuncture.com/,5,44,OPERATIONAL,Yonkers,Westchester
"Elemental Acupuncture: Bethany Leddy, DACM, MSOM","273 Columbus Ave Suite 6A, Tuckahoe, NY 10707, USA",(646) 872-1181,https://www.bethanyleddy.com/?utm_source=gmb_auth,5,10,OPERATIONAL,Yonkers,Westchester
Gee Acupuncture & Herbs PC,"693 Locust St, Mt Vernon, NY 10552, USA",(914) 663-8188,http://gee-pc.lany.io/,4.8,57,OPERATIONAL,Yonkers,Westchester
"Integrative Med Solutions, Dr. Fred Lisanti","266 White Plains Rd suite b, Eastchester, NY 10709, USA",(914) 337-2980,https://www.intmedsolutions.com/,5,11,OPERATIONAL,Yonkers,Westchester
Laura Hoffman Acupuncture,"42B Main St, Dobbs Ferry, NY 10522, USA",(917) 859-8761,http://laurahoffmanacu.com/,4.9,13,OPERATIONAL,Yonkers,Westchester
Life Spring Acupuncture Clinic,"2054 Central Park Ave, Yonkers, NY 10710, USA",(201) 290-2072,https://facebook.com/LifeSpringAcu,5,237,OPERATIONAL,Yonkers,Westchester
NY Acupuncture Wellness,"280 N Central Ave #310, Hartsdale, NY 10530, USA",(914) 615-9266,http://www.nyacuwellness.com/,5,30,OPERATIONAL,Yonkers,Westchester
New York Acupuncture,"586 Warburton Ave, Hastings-On-Hudson, NY 10706, USA",(914) 478-1160,http://www.nyacupuncture-healthcare.com/westchester-office,5,3,OPERATIONAL,Yonkers,Westchester
Nicole Miziolek - Qi Acupuncture & Apothecary,"596 Warburton Ave, Hastings-On-Hudson, NY 10706, USA",(646) 705-4270,http://nicolemiziolek.com/,5,3,OPERATIONAL,Yonkers,Westchester
Northern Traditional Chinese Medicine,"14 Jason Pl Suite 222, Middletown, NY 10940, USA",(845) 800-9183,https://www.nmc-cares.com/,5,11,OPERATIONAL,Yonkers,Westchester
Riverdale Holistic Center - Riverdale,"5676 Riverdale Ave Suite 103, Riverdale, NY 10471, USA",(718) 954-3031,http://riverdaleholisticcenter.com/,4.9,38,OPERATIONAL,Yonkers,Westchester
Scarsdale Acupuncture,"531 Central Park Ave #304, Scarsdale, NY 10583, USA",(914) 472-2600,http://www.scarsdaleacupuncture.com/,5,18,OPERATIONAL,Yonkers,Westchester
Scarsdale Health & Wellness,"778 White Plains Rd, Scarsdale, NY 10583, USA",(914) 723-5105,https://www.scarsdalehealth.com/,4.9,59,OPERATIONAL,Yonkers,Westchester
Tai Ji New York Acupuncture,"5908A Riverdale Ave, Bronx, NY 10471, USA",(646) 533-2308,https://taijiacupunctureny.com/,5,22,OPERATIONAL,Yonkers,Westchester
Vitalist Healing Traditions - Dr. Carina Lopez - Your 'Holistic Doctor Near Me' - Naturopathic Doctor NYC,"541 Van Cortlandt Park Ave, Yonkers, NY 10705, USA",(917) 701-8549,https://www.vitalisthealingtraditions.com/,5,18,OPERATIONAL,Yonkers,Westchester
"Westchester Acupuncture, PLLC","111 N Central Ave, Hartsdale, NY 10530, USA",(917) 273-8912,http://westchesteracupuncture.us/,5,19,OPERATIONAL,Yonkers,Westchester
Yonkers Acupuncture,"1550 Central Park Ave Suite B, Yonkers, NY 10710, USA",(914) 202-9268,https://sinoamericanacupuncture.com/,5,8,OPERATIONAL,Yonkers,Westchester
Za Oh Pyung eastern medicinePC,"271 Columbus Ave, Tuckahoe, NY 10707, USA",,,5,3,OPERATIONAL,Yonkers,Westchester
